,"Domestic general government health expenditure (GGHE-D) per capita in US$","Domestic general government health expenditure (GGHE-D) per capita in US$","Domestic general government health expenditure (GGHE-D) per capita in US$","Domestic general government health expenditure (GGHE-D) per capita in US$","Domestic general government health expenditure (GGHE-D) per capita in US$","Domestic general government health expenditure (GGHE-D) per capita in US$","Domestic general government health expenditure (GGHE-D) per capita in US$","Domestic general government health expenditure (GGHE-D) per capita in US$","Domestic general government health expenditure (GGHE-D) per capita in US$","Domestic general government health expenditure (GGHE-D) per capita in US$","Domestic general government health expenditure (GGHE-D) per capita in US$","Domestic general government health expenditure (GGHE-D) per capita in US$","Domestic general government health expenditure (GGHE-D) per capita in US$","Domestic general government health expenditure (GGHE-D) per capita in US$","Domestic general government health expenditure (GGHE-D) per capita in US$","Domestic general government health expenditure (GGHE-D) per capita in US$","Domestic general government health expenditure (GGHE-D) per capita in US$","Domestic general government health expenditure (GGHE-D) per capita in US$"
"Country","2017","2016","2015","2014","2013","2012","2011","2010","2009","2008","2007","2006","2005","2004","2003","2002","2001","2000"
"Afghanistan","3.4","3.1","3.1","3.0","2.8","2.3","2.9","2.5","2.3","2.4","1.8","1.3","1.3","1.2","1.3","0.1","",""
"Albania","190.1","177.8","172.2","200.3","188.9","171.3","187.9","181.3","166.0","177.5","93.7","75.3","69.9","70.8","46.5","37.1","34.0","30.4"
"Algeria","170.5","176.3","204.7","257.7","234.6","243.5","202.1","158.7","147.0","148.4","104.9","79.6","69.5","65.7","57.8","49.8","50.7","44.1"
"Andorra","1981.3","1884.0","1785.7","2076.6","1939.0","1791.8","1839.7","1673.6","1687.4","1720.0","1561.7","1397.5","1357.7","1120.1","1045.8","931.8","877.0","852.4"
"Angola","53.0","42.0","51.5","71.3","89.1","79.8","79.1","60.0","81.1","87.0","53.5","37.3","24.2","21.1","14.3","11.4","13.2","7.5"
"Antigua and Barbuda","316.9","310.4","354.6","374.5","368.4","352.9","332.3","359.5","328.0","343.7","364.9","319.0","315.5","324.1","350.1","305.5","288.1","250.1"
"Argentina","959.4","710.9","1013.7","834.8","896.8","847.3","723.0","576.1","467.4","408.2","308.5","238.1","200.6","160.4","142.7","121.5","368.3","386.0"
"Armenia","54.0","59.0","58.3","60.1","52.9","58.2","59.0","54.3","54.2","59.7","50.7","34.2","24.3","15.4","11.2","9.2","9.3","5.9"
"Australia","3674.3","3429.6","3333.9","3797.3","3944.0","4083.9","4067.6","3399.4","2770.1","2821.2","2629.7","2170.5","2054.9","1884.7","1525.0","1210.4","1055.8","1116.2"
"Austria","3576.1","3407.8","3340.9","3906.1","3777.2","3619.2","3751.5","3472.2","3576.2","3717.0","3256.2","2826.2","2694.6","2585.5","2255.8","1825.8","1679.5","1678.7"
"Azerbaijan","41.7","45.3","71.9","89.3","84.0","83.8","68.4","59.2","56.1","47.8","34.4","21.1","14.2","8.9","6.8","5.5","5.5","5.6"
"Bahamas","777.2","915.1","873.8","748.4","797.9","817.1","788.4","784.3","807.6","813.0","768.0","762.0","614.9","617.2","571.4","574.8","527.0","519.6"
"Bahrain","653.5","674.6","732.4","716.3","694.7","634.6","503.6","501.4","501.8","500.6","454.0","407.7","385.6","357.6","354.1","335.6","324.3","320.7"
"Bangladesh","6.1","5.5","5.6","5.5","5.1","4.7","4.6","4.2","3.5","3.3","3.2","2.8","2.5","2.6","2.5","2.2","1.8","2.4"
"Barbados","523.3","534.0","530.9","544.5","630.2","704.6","555.4","586.7","625.9","618.2","558.2","568.0","539.7","547.9","443.1","358.9","332.3","313.5"
"Belarus","239.6","211.1","219.4","280.3","284.4","238.8","201.5","232.6","186.6","230.1","196.1","159.1","146.8","108.8","83.0","62.8","55.1","45.1"
"Belgium","3480.5","3298.6","3235.6","3859.2","3763.8","3604.2","3765.9","3458.6","3551.2","3501.5","3009.4","2641.5","2564.3","2480.1","2082.4","1529.7","1415.0","1375.3"
"Belize","190.7","201.3","200.9","159.7","175.2","162.5","164.4","166.5","163.4","145.4","138.9","115.7","104.6","95.4","96.1","82.2","85.5","70.2"
"Benin","9.2","6.2","6.3","7.4","9.6","8.6","9.0","7.5","8.1","6.3","5.8","6.2","5.6","5.8","4.7","4.2","4.8","4.1"
"Bhutan","72.1","67.5","67.7","56.8","56.4","55.7","54.7","50.3","42.9","39.0","41.3","30.2","30.1","30.9","26.3","26.6","26.0","25.4"
"Bolivia (Plurinational State of)","150.9","138.1","132.5","115.4","96.2","79.3","71.8","60.6","56.1","46.9","38.6","32.2","28.8","24.8","25.3","23.8","25.0","24.5"
"Bosnia and Herzegovina","324.6","315.2","303.4","346.0","331.5","307.2","316.9","283.0","288.4","268.3","214.1","165.0","142.9","138.7","123.2","78.8","66.6","60.3"
"Botswana","352.5","257.2","253.3","284.7","278.6","304.6","265.5","226.2","174.3","202.2","172.7","146.9","151.9","165.6","149.0","114.1","109.1","107.0"
"Brazil","389.0","341.8","333.1","444.9","433.8","412.3","456.3","401.5","317.1","308.0","254.9","207.5","159.6","125.6","107.4","104.3","110.7","129.8"
"Brunei Darussalam","636.7","652.3","702.5","736.7","767.0","803.9","802.2","737.1","671.1","709.2","613.0","558.5","540.6","514.4","443.9","395.5","386.6","427.9"
"Bulgaria","344.3","309.7","290.9","352.0","308.9","283.8","300.9","267.8","247.1","252.4","201.4","163.8","159.5","138.5","118.8","87.9","67.2","56.3"
"Burkina Faso","19.2","16.4","9.5","12.9","12.7","8.1","10.1","8.5","10.2","8.7","7.7","6.8","5.6","7.1","3.7","3.1","2.6","2.5"
"Burundi","5.8","5.4","7.4","7.6","3.9","6.7","8.6","4.6","4.3","3.1","4.2","3.9","3.1","3.0","1.5","1.9","2.3","2.0"
"Cabo Verde","101.0","94.9","95.1","107.5","108.7","104.2","105.2","93.8","94.9","89.2","92.6","76.5","67.9","68.3","63.9","52.0","48.1","44.2"
"Cambodia","19.5","16.9","15.6","13.6","14.4","13.4","11.3","10.7","9.0","7.6","6.1","5.2","5.8","5.6","5.4","4.7","3.8","3.9"
"Cameroon","9.0","8.6","9.2","8.4","9.6","9.1","16.0","10.6","9.9","8.0","7.4","7.6","7.3","7.8","8.3","6.9","5.4","4.5"
"Canada","3505.3","3338.8","3386.5","3784.5","3983.4","4030.5","3990.0","3721.8","3220.9","3280.4","3077.9","2758.5","2397.7","2128.6","1866.2","1558.1","1495.6","1456.0"
"Central African Republic","3.1","2.4","1.8","3.4","2.1","4.9","4.1","4.8","3.6","6.1","7.3","5.7","5.4","5.0","5.2","3.8","3.7","4.3"
"Chad","4.7","5.8","7.5","12.7","11.2","9.3","8.3","7.7","7.5","7.4","8.2","7.1","9.5","9.9","5.8","5.2","4.1","3.9"
"Chile","691.8","590.8","547.5","551.3","565.5","519.4","469.6","410.4","346.1","316.3","274.7","236.7","197.4","169.2","134.3","121.8","119.5","128.4"
"China","249.8","231.4","236.4","211.3","187.2","158.0","127.8","97.4","80.9","59.1","38.1","28.7","23.7","19.3","15.9","12.6","10.1","9.3"
"Colombia","311.3","288.2","310.7","400.9","410.0","372.9","359.7","318.7","269.6","256.0","213.1","168.4","146.6","114.1","97.5","97.7","100.7","97.1"
"Comoros","7.5","8.6","7.9","8.4","8.5","7.2","14.4","6.1","6.5","7.7","8.3","8.2","8.4","9.2","8.9","7.8","4.9","5.9"
"Congo","20.4","23.9","26.6","34.8","35.4","31.3","22.6","24.8","14.1","31.0","12.9","11.6","7.7","6.1","5.5","4.2","8.8","5.8"
"Cook Islands","501.4","469.6","424.4","508.5","465.7","469.6","470.4","420.4","362.5","337.3","336.6","305.1","297.3","274.4","237.1","199.0","166.8","151.1"
"Costa Rica","638.9","650.0","648.0","595.1","590.5","558.5","529.9","481.1","382.0","352.2","285.0","241.7","201.1","194.5","193.6","187.4","169.7","163.0"
"CÃ´te d'Ivoire","19.9","17.2","15.5","16.8","14.3","12.9","9.8","9.9","11.2","10.4","8.7","7.3","6.8","7.1","6.2","5.3","4.6","5.2"
"Croatia","747.2","696.0","661.0","764.2","756.9","851.3","928.3","939.5","983.6","1055.3","899.8","690.8","618.0","506.5","416.5","305.3","319.2","315.5"
"Cuba","883.4","871.8","880.7","772.6","617.8","518.1","616.3","550.7","618.8","553.4","512.4","330.6","280.8","185.4","180.4","171.5","160.6","151.0"
"Cyprus","734.1","689.2","665.8","796.8","873.0","872.2","1002.4","935.7","895.5","896.9","731.3","631.3","566.5","531.4","503.3","395.2","327.2","308.3"
"Czechia","1206.5","1082.1","1055.9","1249.2","1296.6","1159.1","1269.3","1142.1","1195.4","1173.9","930.2","805.5","726.7","653.8","560.5","438.4","339.8","304.2"
"Democratic Republic of the Congo","1.9","2.6","3.3","2.7","2.3","2.3","1.4","1.3","0.9","1.0","0.7","0.6","0.5","0.4","0.4","0.2","0.2","0.8"
"Denmark","4873.5","4681.9","4604.3","5372.0","5255.0","5042.0","5251.8","5042.5","5254.8","5157.0","4577.5","4008.1","3720.5","3504.8","3026.7","2426.9","2170.8","2074.4"
"Djibouti","33.1","36.7","44.6","42.9","41.2","40.8","43.1","33.7","32.4","30.7","25.5","23.4","17.8","17.5","17.5","14.4","13.8","15.3"
"Dominica","285.6","269.4","261.4","240.8","225.7","229.6","220.2","226.8","218.6","195.5","169.7","168.3","157.0","153.5","156.1","152.5","159.5","156.8"
"Dominican Republic","199.3","189.4","160.1","158.9","169.4","165.1","157.7","136.9","115.1","105.9","77.9","56.7","54.0","28.1","27.7","51.6","50.1","48.6"
"Ecuador","273.6","258.4","260.8","284.6","266.6","238.3","194.7","148.7","113.0","97.7","80.1","60.9","50.9","46.9","40.7","30.9","23.9","13.9"
"Egypt","34.9","46.8","56.5","48.7","43.4","42.6","41.7","36.7","36.8","32.9","27.4","25.3","20.3","17.3","16.9","23.2","24.6","25.5"
"El Salvador","180.1","189.4","182.2","171.9","170.2","155.3","159.4","133.0","119.6","121.8","116.1","120.5","103.6","91.9","86.3","85.3","79.7","79.2"
"Equatorial Guinea","56.7","63.9","62.2","90.6","86.5","113.0","86.9","77.7","97.2","67.7","45.7","33.3","22.3","18.9","9.1","4.9","5.0","6.0"
"Eritrea","9.0","8.7","3.3","2.8","2.3","4.2","3.3","2.5","4.9","0.9","3.0","1.9","1.8","3.5","3.0","3.3","3.0","3.3"
"Estonia","971.1","894.0","838.2","932.6","863.4","771.5","760.8","687.4","743.2","791.7","625.0","448.8","388.2","336.4","265.2","190.6","167.8","159.2"
"Eswatini","114.0","80.9","90.7","93.6","120.2","133.6","142.1","156.0","135.3","126.6","114.4","101.6","104.6","76.5","59.0","32.1","34.3","39.5"
"Ethiopia","6.3","6.3","6.1","4.0","5.4","4.9","1.3","2.9","3.0","1.6","3.2","2.2","2.8","1.8","2.7","2.3","2.4","2.2"
"Fiji","124.8","115.0","110.1","113.3","96.6","94.3","89.1","86.4","80.0","100.1","109.1","100.6","95.8","80.1","68.3","53.9","46.1","59.2"
"Finland","3227.7","3133.3","3198.6","3703.0","3353.2","3460.5","3541.7","3167.4","3253.5","3355.4","2932.3","2554.0","2390.2","2242.8","1910.6","1489.0","1298.9","1229.7"
"France","3376.4","3272.5","3223.8","3823.4","3740.1","3542.8","3753.4","3506.9","3616.8","3670.6","3326.2","2946.1","2811.9","2720.0","2363.0","1930.5","1728.8","1701.0"
"Gabon","129.4","142.3","116.6","147.0","176.5","144.9","169.9","137.7","118.0","107.2","103.0","85.6","71.1","77.3","70.2","49.2","50.2","46.6"
"Gambia","5.3","4.3","3.8","4.9","7.9","11.7","11.0","10.4","13.1","11.8","10.6","8.4","9.6","9.2","6.2","3.8","6.4","5.4"
"Georgia","109.1","113.0","99.9","96.3","78.9","62.8","50.7","56.0","52.9","46.5","26.0","21.3","17.7","13.7","10.3","8.5","8.0","5.5"
"Germany","3909.0","3656.9","3552.1","4075.8","3891.1","3589.4","3788.4","3482.5","3517.5","3496.2","3136.5","2776.7","2689.0","2618.9","2433.5","1987.7","1831.8","1827.6"
"Ghana","22.3","25.9","28.9","28.6","45.0","43.6","50.6","41.9","31.7","29.0","24.6","19.2","16.7","7.0","7.1","5.0","6.7","4.7"
"Greece","912.7","906.4","840.4","993.9","1128.4","1294.1","1532.3","1757.0","1906.3","1847.7","1532.9","1260.9","1176.9","1043.6","","","",""
"Grenada","212.3","214.0","181.8","184.5","185.8","188.0","193.9","187.1","196.2","190.8","194.5","197.6","182.4","146.5","130.4","130.7","105.6","91.2"
"Guatemala","93.2","90.6","86.9","81.3","75.3","66.2","63.3","58.5","60.0","59.0","50.6","48.3","40.5","39.5","37.7","34.9","32.8","29.8"
"Guinea","5.8","4.6","3.1","4.5","3.5","3.4","3.1","2.3","1.7","1.8","1.5","1.1","1.2","1.3","2.2","2.8","1.6","1.4"
"Guinea-Bissau","4.3","3.8","3.9","4.4","3.9","3.5","3.6","6.7","16.0","14.7","13.6","11.5","12.8","14.2","9.6","6.4","9.6","10.1"
"Guyana","138.1","146.8","93.8","107.6","94.6","78.0","64.7","51.2","42.7","39.3","39.5","34.9","39.3","37.4","36.4","35.6","31.7","30.9"
"Haiti","7.4","6.5","7.4","6.6","6.7","6.0","5.4","9.8","9.1","8.8","8.0","2.4","4.4","4.0","2.7","3.1","5.2","6.4"
"Honduras","78.6","80.5","69.6","71.3","68.6","73.7","82.6","71.4","72.0","58.5","53.5","47.4","38.6","30.2","30.6","29.1","28.5","33.3"
"Hungary","674.6","619.0","590.1","671.3","655.9","623.2","704.2","655.0","641.5","756.9","680.1","628.4","628.1","555.9","477.9","327.6","240.6","215.6"
"Iceland","4980.3","4127.3","3460.5","3603.3","3234.4","2963.0","3096.1","2931.4","3027.8","4084.9","5021.1","4156.5","4241.9","3652.8","3229.9","2517.3","2059.3","2315.5"
"India","18.8","16.3","15.1","13.5","13.0","13.7","14.1","11.9","9.8","8.6","7.5","6.1","5.6","4.5","4.1","3.7","3.7","3.8"
"Indonesia","55.6","49.9","40.4","37.6","33.5","32.2","29.1","23.7","22.3","21.2","20.6","14.3","10.0","9.4","9.5","6.6","6.3","4.6"
"Iran (Islamic Republic of)","243.7","229.9","195.4","192.8","159.2","178.2","175.0","142.6","134.7","111.0","98.0","82.5","63.9","51.4","45.5","41.1","35.9","30.3"
"Iraq","88.0","32.2","35.9","69.5","79.4","67.1","122.3","107.5","126.6","101.7","63.8","37.6","37.4","37.9","12.8","","",""
"Ireland","3647.8","3421.7","3287.9","3829.5","3794.2","3776.4","4024.6","3906.8","4224.2","4454.8","3844.6","3224.7","3104.8","2743.9","2287.6","1729.9","1429.3","1210.0"
"Israel","2000.8","1814.7","1676.1","1761.6","1679.8","1488.0","1508.9","1388.6","1234.8","1300.3","1078.6","982.2","921.6","909.1","886.2","888.2","966.3","944.6"
"Italy","2098.8","2041.9","2020.6","2413.2","2430.4","2379.6","2608.8","2521.9","2603.2","2710.9","2393.2","2200.5","2074.0","1952.6","1625.8","1315.0","1183.0","1104.4"
"Jamaica","198.8","179.4","176.9","147.6","161.4","148.7","153.3","142.7","125.4","147.1","126.8","111.2","94.0","118.6","79.5","99.6","82.4","108.0"
"Japan","3505.8","3508.5","3139.4","3448.4","3653.7","4374.5","4260.0","3326.4","2996.4","2608.3","2252.6","2212.2","2340.1","2308.5","2112.7","1941.7","2007.6","2204.2"
"Jordan","152.6","146.5","168.3","194.4","180.6","199.3","214.2","205.9","222.6","179.3","130.0","104.8","101.0","73.1","80.2","83.0","77.9","71.9"
"Kazakhstan","173.6","157.1","200.1","236.6","255.0","254.5","217.2","168.7","189.2","189.0","118.6","119.5","93.1","65.1","41.3","31.5","29.0","25.7"
"Kenya","32.7","31.4","28.6","27.3","22.9","21.0","17.7","17.1","15.5","15.0","13.1","10.2","8.6","7.3","7.3","6.7","6.3","6.0"
"Kiribati","129.9","115.6","103.7","133.7","132.8","136.5","141.0","127.9","113.3","150.3","126.5","112.1","134.9","136.2","104.0","94.4","87.3","66.6"
"Kuwait","1336.2","900.6","983.0","1181.8","1058.3","1121.5","1089.0","898.4","1267.2","840.1","768.8","779.9","673.9","591.7","572.4","506.5","485.4","351.3"
"Kyrgyzstan","29.9","28.6","30.9","35.6","50.9","49.8","41.6","30.2","30.6","28.3","22.6","23.3","18.4","10.3","8.7","7.1","6.2","5.9"
"Lao People's Democratic Republic","21.8","17.9","18.7","13.8","13.1","6.9","5.2","7.3","12.0","5.0","4.6","4.3","4.8","3.7","4.4","3.6","4.6","4.1"
"Latvia","531.6","488.2","455.1","510.6","484.4","449.9","485.5","414.7","444.2","551.1","471.8","339.9","245.5","220.9","139.8","117.7","99.9","92.2"
"Lebanon","359.9","331.7","326.0","338.5","334.5","358.2","311.7","266.0","232.4","218.2","213.8","192.8","156.4","162.6","154.7","163.1","178.4","169.9"
"Lesotho","65.8","54.6","63.5","72.9","65.5","67.7","68.9","53.6","43.1","38.7","41.6","27.7","20.1","23.9","18.3","13.2","16.4","14.3"
"Liberia","9.7","9.8","8.3","5.8","2.4","5.6","8.7","4.0","4.5","6.3","3.1","2.3","1.7","2.0","1.2","1.5","2.4","2.3"
"Libya","","","","","","","197.8","280.4","244.9","217.5","183.4","153.6","137.2","132.9","125.8","121.2","138.4","119.2"
"Lithuania","705.8","650.0","608.1","679.9","629.0","597.5","650.9","572.4","621.5","662.3","463.6","334.7","266.5","229.8","251.8","185.2","153.6","146.1"
"Luxembourg","4906.9","4747.1","4720.3","5640.7","5488.6","5974.0","6040.5","6402.0","6623.8","6615.5","5686.3","5081.5","4892.9","4731.7","3852.9","3007.7","2609.1","2408.7"
"Madagascar","11.6","11.3","9.3","9.3","7.1","7.7","8.9","8.8","5.8","7.5","8.3","6.4","6.2","6.2","7.9","5.7","6.3","5.2"
"Malawi","9.9","8.3","9.7","7.8","6.9","5.0","8.3","7.3","6.3","7.2","3.3","4.0","4.2","3.3","4.3","4.0","2.6","3.4"
"Malaysia","194.3","182.5","199.7","231.2","209.3","205.2","186.7","154.7","139.4","144.3","123.9","109.7","80.7","79.4","74.5","62.5","58.0","52.0"
"Maldives","719.5","760.2","615.4","444.2","356.5","314.5","271.9","319.2","385.3","421.2","217.6","142.4","108.3","91.3","74.8","71.7","74.8","73.3"
"Mali","11.0","9.4","6.9","7.5","6.6","3.2","5.1","4.7","4.5","4.8","5.6","6.3","6.7","7.0","5.6","3.7","3.3","3.6"
"Malta","1630.7","1463.7","1364.5","1513.9","1432.9","1246.2","1263.2","1119.5","1088.9","1134.0","1066.3","1009.8","953.7","851.1","750.2","584.8","471.0","464.6"
"Marshall Islands","242.9","263.3","224.9","202.4","232.6","207.7","192.4","139.1","157.9","161.6","205.2","115.2","148.5","167.8","151.0","160.2","185.8","213.0"
"Mauritania","18.9","17.8","20.9","20.3","19.8","15.8","13.6","11.4","11.8","13.6","10.0","8.2","7.7","5.7","5.4","5.4","3.4","3.1"
"Mauritius","257.1","244.0","220.5","252.2","189.2","177.0","163.1","162.1","117.5","113.5","98.6","93.9","95.3","103.3","85.0","71.9","64.3","63.7"
"Mexico","254.8","248.7","286.1","317.3","326.0","299.6","290.1","262.1","222.9","255.5","237.8","214.6","199.4","189.2","166.6","160.2","154.9","140.0"
"Micronesia (Federated States of)","109.6","107.7","97.3","102.4","84.6","81.3","91.2","65.6","58.9","74.2","60.1","62.6","62.6","52.4","48.3","38.4","41.0","37.9"
"Monaco","2337.3","2338.8","2680.7","3129.8","3010.0","2761.7","2867.4","2744.2","2763.1","2800.2","2396.1","2174.4","2133.8","2096.8","1806.0","1258.6","1150.2","1129.2"
"Mongolia","91.8","97.0","94.3","99.2","99.2","102.3","80.4","64.8","53.3","68.9","47.1","33.3","22.7","21.2","18.0","20.4","18.3","20.1"
"Morocco","69.1","65.2","61.2","69.1","79.5","72.0","72.6","67.3","73.1","62.3","55.8","40.5","25.2","25.4","21.8","17.5","14.7","13.2"
"Mozambique","6.3","5.7","8.7","12.4","9.7","8.1","2.1","2.8","3.3","6.0","9.3","11.2","11.4","8.9","7.8","7.5","8.3","7.8"
"Myanmar","8.6","8.2","13.6","12.8","6.9","4.8","2.4","1.5","1.2","0.9","0.7","0.8","0.4","0.6","0.5","0.7","0.4","0.4"
"Namibia","206.4","189.0","196.9","203.5","219.5","222.5","229.2","207.0","143.6","166.5","197.1","161.7","162.5","163.8","131.0","88.5","90.8","99.8"
"Nauru","796.4","866.5","574.1","542.4","440.5","389.6","378.4","375.1","297.4","446.3","408.1","317.1","293.7","254.9","275.3","208.1","199.6","235.1"
"Nepal","10.7","8.4","7.5","7.1","5.7","5.9","6.1","5.4","4.3","3.6","3.2","3.3","2.8","2.1","2.0","2.2","1.6","1.3"
"Netherlands","3162.9","3081.0","3041.8","3784.5","3722.8","3529.3","3739.3","3488.7","3508.8","3570.1","3248.1","2859.0","2615.1","2526.3","2271.2","1772.5","1513.6","1396.7"
"New Zealand","2970.9","2792.2","2675.7","3209.3","3071.0","2988.5","2856.6","2517.4","2099.1","2204.0","2140.5","1777.5","1766.1","1528.2","1216.2","933.9","767.9","785.1"
"Nicaragua","111.6","112.9","92.2","89.0","72.8","66.0","61.7","45.1","51.5","47.8","40.1","32.3","31.6","27.7","20.3","25.3","26.6","26.2"
"Niger","9.8","5.5","5.4","7.2","7.4","5.5","6.5","6.2","7.1","7.4","5.8","6.9","6.2","3.4","2.9","2.7","2.4","2.2"
"Nigeria","10.5","10.3","16.1","14.4","14.7","15.0","12.2","10.4","11.0","14.5","13.9","14.1","13.9","11.6","7.3","3.9","5.0","3.2"
"Niue","906.7","831.4","835.6","1169.1","1098.7","1068.8","2083.3","1149.0","1538.6","1498.6","1218.0","3408.4","660.2","810.9","496.3","459.7","1439.8","313.4"
"Norway","6783.5","6400.7","6469.6","7776.9","7857.2","7602.6","7514.0","6655.5","6165.5","6535.6","5771.7","4911.3","4638.1","4231.7","3852.8","3224.2","2566.0","2408.8"
"Oman","515.6","573.1","631.6","648.1","516.9","465.2","438.0","437.6","386.2","350.2","311.1","268.7","263.7","246.9","238.5","229.1","214.4","215.4"
"Pakistan","14.1","11.8","10.4","9.4","8.5","8.2","7.4","5.8","5.5","5.2","6.4","4.2","4.5","4.5","3.7","6.0","5.0","5.6"
"Palau","808.1","875.4","516.2","512.3","497.0","438.8","379.6","367.0","361.4","299.1","331.4","347.0","324.6","347.7","310.7","298.3","324.6","359.0"
"Panama","666.5","682.4","579.3","548.7","492.1","426.8","404.3","386.0","359.3","332.7","289.0","228.6","190.9","216.8","187.9","192.6","187.1","192.7"
"Papua New Guinea","46.3","43.1","37.8","60.5","55.6","52.2","37.0","26.1","26.0","26.0","23.5","21.0","18.7","17.3","13.0","13.2","13.2","15.8"
"Paraguay","173.3","168.9","172.2","194.8","158.0","158.2","132.0","93.6","77.4","66.0","52.0","40.2","29.4","27.0","22.4","19.2","30.6","38.8"
"Peru","210.7","194.6","190.0","197.6","174.4","162.9","138.5","123.2","104.2","89.2","74.7","70.0","66.7","65.7","62.0","58.2","51.5","45.0"
"Philippines","42.4","41.2","39.2","32.4","32.3","29.7","26.1","29.3","24.4","23.3","20.5","17.6","15.4","12.2","11.7","10.1","11.5","14.6"
"Poland","625.4","559.8","557.4","637.3","617.3","569.2","615.2","577.4","545.0","635.6","460.6","361.5","319.1","264.5","232.7","220.9","198.9","162.3"
"Portugal","1264.2","1194.4","1140.1","1311.8","1310.2","1257.0","1493.4","1543.1","1592.8","1586.9","1419.5","1252.5","1263.3","1192.0","997.7","801.7","699.8","681.1"
"Qatar","1331.5","1491.4","1733.5","1825.4","1543.2","1225.4","1011.3","893.0","938.4","991.5","988.5","993.6","990.9","964.1","905.0","463.5","414.8","358.5"
"Republic of Korea","1310.0","1174.7","1103.7","1093.4","987.4","905.1","886.5","810.8","654.2","657.7","720.6","628.3","505.6","407.1","360.8","307.5","284.3","238.5"
"Republic of Moldova","96.8","83.5","84.9","113.9","108.2","108.5","100.3","90.9","88.9","89.5","69.2","49.3","41.8","38.2","17.6","16.2","11.7","10.5"
"Republic of North Macedonia","221.2","208.4","199.3","219.7","229.9","194.3","205.4","184.9","185.9","202.9","163.2","140.3","132.8","130.5","119.5","92.2","82.7","87.4"
"Romania","436.2","372.3","344.7","397.1","391.0","308.7","319.8","377.3","353.5","422.8","338.1","230.7","203.1","140.8","119.2","77.6","62.9","55.4"
"Russian Federation","334.5","267.2","294.7","458.6","506.0","484.2","429.0","348.3","320.7","381.9","286.6","217.8","166.3","123.0","95.7","82.1","68.6","56.6"
"Rwanda","16.9","16.3","15.4","15.9","15.4","14.6","14.4","12.2","10.7","9.7","7.5","5.3","5.3","5.2","5.7","1.7","1.6","1.7"
"Saint Kitts and Nevis","420.7","401.8","341.9","344.8","316.1","308.3","307.0","296.7","300.3","277.8","288.4","292.1","250.0","228.4","208.0","198.9","191.2","186.7"
"Saint Lucia","225.2","205.7","203.2","189.8","196.1","186.4","163.9","156.0","148.7","135.3","123.9","119.5","111.1","103.1","100.7","103.0","100.6","99.4"
"Saint Vincent and the Grenadines","206.3","192.1","181.5","178.5","187.2","184.3","156.4","168.0","163.5","154.9","139.6","128.4","128.3","125.1","123.5","126.1","117.2","110.3"
"Samoa","173.7","173.5","176.3","182.6","166.5","160.5","149.8","145.0","138.8","124.3","105.8","97.5","86.4","72.6","57.8","57.5","47.8","52.6"
"San Marino","2744.7","2422.0","2524.5","3142.3","3274.7","3301.3","3485.9","3235.5","3346.0","3426.7","2971.5","2498.0","2331.9","2222.7","1609.7","1416.9","1405.0","1363.7"
"Sao Tome and Principe","54.6","45.1","27.5","43.2","43.1","29.1","29.3","23.1","18.7","13.8","14.8","4.6","40.4","35.7","38.9","20.7","18.4","19.1"
"Saudi Arabia","700.7","777.9","851.6","916.9","774.9","694.5","591.8","435.1","448.7","378.6","412.7","404.5","340.3","285.4","275.5","266.0","279.8","277.0"
"Senegal","11.5","13.2","12.8","14.7","15.7","15.7","17.5","14.5","18.0","19.1","15.5","17.8","15.6","14.9","12.7","9.0","9.1","7.6"
"Serbia","299.8","286.6","283.4","354.7","375.6","347.7","378.4","332.7","354.8","415.8","333.9","232.2","201.3","186.2","160.8","125.1","75.0","37.0"
"Seychelles","578.3","542.5","476.9","473.8","458.9","461.5","334.2","329.6","222.2","256.3","348.4","390.3","374.9","365.8","340.5","301.2","283.3","286.8"
"Sierra Leone","9.1","9.6","9.6","9.5","5.7","5.3","4.0","5.1","3.6","2.6","3.9","3.5","5.0","5.6","5.9","7.1","5.8","4.2"
"Singapore","1262.3","1178.8","1095.1","1007.7","881.8","732.2","632.6","543.1","463.5","475.7","363.3","320.8","284.8","269.2","307.3","235.7","197.1","298.2"
"Slovakia","938.3","937.3","874.0","1024.9","1009.5","945.3","990.0","927.3","960.9","936.8","704.5","503.9","447.2","399.4","299.9","224.3","187.5","180.0"
"Slovenia","1379.0","1325.9","1266.6","1452.5","1444.6","1399.3","1550.1","1458.3","1524.2","1566.4","1259.8","1106.0","1046.6","985.3","865.8","684.4","583.0","568.7"
"Solomon Islands","72.0","73.6","68.8","68.6","63.6","63.0","68.3","55.0","56.0","70.2","62.4","58.8","65.0","42.4","41.3","45.7","58.2","45.2"
"South Africa","267.8","230.5","252.1","273.8","287.2","318.7","325.2","284.8","208.7","188.7","191.5","175.0","145.4","133.5","87.0","56.5","70.8","81.6"
"South Sudan","1.9","","","","","","","","","","","","","","","","",""
"Spain","1770.0","1699.5","1674.8","1880.5","1866.7","1868.5","2134.8","2074.4","2195.6","2185.2","1881.0","1614.5","1473.7","1370.2","1164.0","830.5","741.6","715.6"
"Sri Lanka","68.5","66.0","66.5","62.1","62.9","48.2","50.8","43.9","40.8","40.2","35.8","33.4","30.2","26.9","23.3","22.9","21.7","23.4"
"Sudan","34.9","39.0","49.2","29.2","20.6","26.2","28.6","35.5","45.6","34.1","37.7","25.5","18.2","13.9","9.2","7.1","6.3","5.9"
"Suriname","198.7","220.4","293.2","192.2","191.9","174.4","159.6","177.0","182.4","154.0","159.4","151.5","113.3","98.5","75.7","75.0","45.4","81.5"
"Sweden","4941.8","4759.4","4686.2","5525.9","5606.0","5243.5","5362.7","3633.3","3402.9","3808.7","3537.5","3099.3","2921.6","2886.7","2588.3","2036.0","1776.1","1835.8"
"Switzerland","3035.9","2921.8","2984.9","3076.4","3042.5","3009.8","3035.1","2495.2","2353.9","2263.1","1914.7","1758.9","1797.2","1773.6","1621.5","1352.9","1161.5","1045.9"
"Syrian Arab Republic","","","","","","31.7","36.9","42.2","41.3","40.5","36.1","31.1","32.1","29.4","29.4","29.0","24.2","19.3"
"Tajikistan","16.8","15.9","18.8","22.9","19.8","15.4","10.9","8.7","7.2","9.6","5.6","3.8","3.3","2.8","1.8","1.5","1.5","1.2"
"Thailand","188.1","171.2","160.7","166.0","161.8","157.1","149.7","126.9","111.5","114.2","95.9","75.1","58.3","53.5","48.3","43.5","31.5","34.4"
"Timor-Leste","54.9","44.6","56.6","49.2","52.4","41.6","32.9","26.1","21.6","20.4","4.9","10.4","9.6","7.4","6.6","","",""
"Togo","6.7","7.8","7.2","8.8","8.2","9.2","8.4","8.2","5.1","4.4","3.7","3.1","2.7","2.4","2.0","1.5","1.3","1.2"
"Tonga","129.5","119.3","104.8","117.9","116.3","111.7","115.2","101.9","94.1","94.8","94.3","81.2","67.4","58.6","50.2","47.4","41.4","44.3"
"Trinidad and Tobago","598.0","561.6","574.2","533.2","524.0","457.1","455.0","414.9","385.7","374.6","321.4","266.1","267.6","193.9","170.0","140.7","122.7","102.5"
"Tunisia","143.1","145.3","152.9","169.2","170.1","155.7","154.5","135.8","128.9","126.7","109.5","94.8","87.6","86.8","77.6","65.2","60.0","58.9"
"Turkey","345.5","367.6","355.2","409.1","432.8","415.5","420.7","420.7","402.5","414.8","352.7","287.0","247.2","214.8","170.0","130.6","103.3","123.0"
"Turkmenistan","101.8","78.6","97.0","118.0","107.4","85.2","71.9","53.3","47.1","40.9","74.0","68.7","73.0","73.1","66.5","45.9","42.8","35.7"
"Tuvalu","452.0","428.7","422.7","478.5","472.0","468.2","486.2","425.1","315.2","289.4","264.9","241.4","221.3","204.1","247.9","192.2","249.6","356.2"
"Uganda","6.0","6.2","6.2","7.3","8.8","9.0","8.1","8.5","11.8","11.8","12.6","10.6","9.0","8.1","5.2","5.5","5.0","4.7"
"Ukraine","78.1","59.9","58.2","86.2","152.5","145.0","122.6","109.5","98.0","125.2","110.0","89.6","68.3","46.7","38.4","27.1","21.9","16.6"
"United Arab Emirates","976.7","938.6","998.9","1145.1","1120.1","1045.8","1074.7","962.9","986.9","856.4","642.4","564.6","520.1","508.4","538.8","521.0","594.3","538.1"
"United Kingdom of Great Britain and Northern Ireland","3064.2","3159.7","3460.5","3682.5","3363.1","2951.9","2950.9","2804.9","2788.3","3050.3","3126.0","2745.7","2513.3","2351.8","1918.0","1609.5","1418.2","1368.2"
"United Republic of Tanzania","14.7","14.4","11.1","11.5","10.7","9.5","9.3","10.0","9.6","14.3","10.1","11.1","10.1","8.0","5.7","4.8","3.9","2.7"
"United States of America","5139.3","4982.0","4817.3","4541.8","4224.9","4087.2","3965.3","3861.8","3718.6","3516.8","3328.5","3158.4","2928.1","2759.7","2576.8","2404.7","2217.2","2015.1"
"Uruguay","1127.4","977.2","956.6","1000.0","989.2","849.4","752.2","615.6","482.4","450.5","276.9","235.8","198.8","194.2","198.2","206.1","300.2","285.7"
"Uzbekistan","42.8","62.3","65.5","61.3","58.5","53.4","43.2","36.9","29.7","24.8","18.4","15.3","12.3","10.4","9.3","9.2","11.8","13.9"
"Vanuatu","65.0","59.2","58.0","17.5","67.3","69.5","75.2","55.1","51.4","59.6","52.2","43.9","40.4","41.6","39.4","35.5","34.3","36.3"
"Venezuela (Bolivarian Republic of)","15.0","71.5","216.2","235.4","264.1","364.1","330.7","350.9","299.0","286.3","334.6","309.9","152.9","156.9","122.1","129.9","173.8","160.9"
"Viet Nam","63.0","58.3","48.8","48.8","55.8","45.3","34.4","31.0","23.2","22.2","17.4","15.2","12.8","10.2","7.3","7.1","6.1","6.6"
"Yemen","","","7.3","12.9","15.5","17.6","14.7","15.2","14.3","19.3","15.6","14.7","13.5","13.5","14.5","13.2","13.3","12.8"
"Zambia","26.1","21.7","27.6","32.9","24.2","22.5","19.8","12.3","5.0","7.9","10.8","17.8","12.7","12.8","10.5","11.2","11.7","10.9"
"Zimbabwe","56.9","45.9","43.1","34.6","25.6","23.3","20.8","23.5","","","","","","","","","",""
